<?xml version="1.0" encoding="UTF-8" standalone="yes"?>
<addon id="repository.aevi" name="Aevi Repo" version="1.0.0" provider-name="Aevi">
	<extension point="xbmc.addon.repository" name="Aevi Repo">
	<dir>
        <info compressed="false">https://raw.githubusercontent.com/aevi-code/zips/master/addons.xml</info>
        <checksum>https://raw.githubusercontent.com/aevi-code/zips/master/addons.xml.md5</checksum>
        <datadir zip="true">https://raw.githubusercontent.com/aevi-code/zips/master/</datadir>
	</dir>
	</extension>
	<extension point="xbmc.addon.metadata">
		<summary lang="en">Official Aevi Repo.</summary>
		<description lang="en"></description>
		<platform>all</platform>
	</extension>
</addon>
